iter	MAE
0	569.610019
1	551.9810352
2	536.4786898
3	521.394513
4	509.2643067
5	497.2535381
6	487.3052115
7	478.618991
8	468.744383
9	461.2204565
10	450.7342049
11	444.8205945
12	439.5236091
13	432.2192615
14	428.2344343
15	421.0149444
16	415.3300001
17	409.8037534
18	403.0180803
19	398.7840039
20	395.49288
21	392.7475295
22	389.8098779
23	386.1537167
24	382.2631185
25	377.8250291
26	376.0191512
27	373.7181465
28	370.0859226
29	367.9230139
